name,title,category,dynamic,api_version,parent,ancestor,attrs,variations,styles,namespace,render_verdict
blocksy/about-me,,,yes,3,,,4,0,0,blocksy,
blocksy/breadcrumbs,,blocksy-blocks,yes,3,,,10,0,0,blocksy,
blocksy/contact-info,,,yes,3,,,5,0,0,blocksy,
blocksy/dynamic-data,,blocksy-blocks,yes,3,,,44,0,0,blocksy,
blocksy/post-template,文章範本,theme,yes,3,blocksy/query,,9,0,0,blocksy,
blocksy/query,,blocksy-blocks,yes,3,,,34,0,0,blocksy,
blocksy/quote,,,yes,1,,,4,0,0,blocksy,
blocksy/search,,,yes,3,,,4,0,0,blocksy,
blocksy/share-box,,,yes,3,,,4,0,0,blocksy,
blocksy/socials,,,yes,3,,,4,0,0,blocksy,
blocksy/tax-query,,blocksy-blocks,yes,3,,,31,0,0,blocksy,
blocksy/tax-template,Tax Template,theme,yes,3,blocksy/tax-query,,9,0,0,blocksy,
blocksy/widgets-wrapper,,,yes,3,,,4,0,0,blocksy,
core/accordion,開闔式內容,design,yes,3,,,19,0,0,core,
core/accordion-heading,開闔式內容標題,design,no,3,core/accordion-item,,16,0,0,core,
core/accordion-item,開闔式內容項目,design,yes,3,core/accordion,,12,0,0,core,
core/accordion-panel,開闔式內容面板,design,no,3,core/accordion-item,,12,0,0,core,
core/archives,彙整,widgets,yes,3,,,16,0,0,core,
core/audio,音訊,media,no,3,,,13,0,0,core,
core/avatar,個人頭像,theme,yes,3,,,11,0,0,core,
core/block,區塊版面配置,reusable,yes,3,,,4,0,0,core,
core/breadcrumbs,導覽標記,theme,yes,3,,,17,0,0,core,
core/button,按鈕,design,yes,3,core/buttons,,19,0,2,core,
core/buttons,按鈕組,design,no,3,,,12,0,0,core,
core/calendar,月曆,widgets,yes,3,,,12,0,0,core,
core/categories,分類法詞彙清單,widgets,yes,3,,,20,0,0,core,
core/code,程式碼,text,no,3,,,13,0,0,core,
core/column,單一欄位,design,no,3,core/columns,,15,0,0,core,
core/columns,多重欄位,design,no,3,,,16,0,0,core,
core/comment-author-name,留言者名稱,theme,yes,3,,core/comment-template,13,0,0,core,
core/comment-content,留言內容,theme,yes,3,,core/comment-template,11,0,0,core,
core/comment-date,留言日期,theme,yes,3,,core/comment-template,13,0,0,core,
core/comment-edit-link,留言編輯連結,theme,yes,3,,core/comment-template,11,0,0,core,
core/comment-reply-link,留言回覆連結,theme,yes,3,,core/comment-template,10,0,0,core,
core/comment-template,留言範本,design,yes,3,core/comments,,9,0,0,core,
core/comments,留言,theme,yes,3,,,14,0,0,core,
core/comments-pagination,留言分頁,theme,yes,3,core/comments,,13,0,0,core,
core/comments-pagination-next,留言頁面下一頁連結,theme,yes,3,core/comments-pagination,,10,0,0,core,
core/comments-pagination-numbers,留言分頁頁碼,theme,yes,3,core/comments-pagination,,9,0,0,core,
core/comments-pagination-previous,留言頁面上一頁連結,theme,yes,3,core/comments-pagination,,10,0,0,core,
core/comments-title,留言標題,theme,yes,3,,core/comments,16,0,0,core,
core/cover,封面,media,yes,3,,,34,0,0,core,
core/details,詳細資料,text,no,3,,,17,0,0,core,
core/embed,嵌入內容,embed,no,3,,,13,0,0,core,
core/file,檔案,media,yes,3,,,20,0,0,core,
core/footnotes,註腳,text,yes,3,,,10,0,0,core,
core/freeform,傳統編輯器,text,no,3,,,3,0,0,core,
core/gallery,圖庫,media,yes,3,,,25,0,0,core,
core/group,群組,design,no,3,,,16,0,0,core,
core/heading,標題,text,yes,3,,,16,0,0,core,
core/home-link,首頁連結,design,yes,3,core/navigation,,10,0,0,core,
core/html,自訂 HTML,widgets,no,3,,,3,0,0,core,
core/icon,Icon,media,yes,3,,,14,0,0,core,
core/image,圖片,media,yes,3,,,26,0,2,core,
core/latest-comments,最新留言,widgets,yes,3,,,15,0,0,core,
core/latest-posts,最新文章,widgets,yes,3,,,29,0,0,core,
core/legacy-widget,舊版小工具,widgets,yes,3,,,6,0,0,core,
core/list,清單,text,yes,3,,,17,0,0,core,
core/list-item,清單項目,text,no,3,core/list,,13,0,0,core,
core/loginout,登入/登出,theme,yes,3,,,12,0,0,core,
core/math,數學,text,no,3,,,12,0,0,core,
core/media-text,媒體及文字,media,yes,3,,,30,0,0,core,
core/missing,不支援,text,no,3,,,5,0,0,core,
core/more,閱讀全文,design,no,3,,,4,0,0,core,
core/navigation,導覽列,theme,yes,3,,,30,0,0,core,
core/navigation-link,自訂連結,design,yes,3,core/navigation,,17,8,0,core,
core/navigation-overlay-close,導覽列覆疊關閉,design,yes,3,,,10,0,0,core,
core/navigation-submenu,子選單,design,yes,3,core/navigation,,18,0,0,core,
core/nextpage,分頁符號,design,no,3,core/post-content,,2,0,0,core,
core/page-list,頁面清單,widgets,yes,3,,,12,0,0,core,
core/page-list-item,頁面清單項目,widgets,no,3,core/page-list,,10,0,0,core,
core/paragraph,段落,text,no,3,,,16,0,0,core,
core/pattern,區塊版面配置預留文字,theme,yes,3,,,5,0,0,core,
core/playlist,Playlist,media,yes,3,,,25,0,0,core,
core/playlist-track,Playlist track,media,yes,3,core/playlist,,14,0,0,core,
core/post-author,Author (deprecated),theme,yes,3,,,18,0,0,core,
core/post-author-biography,作者自傳資訊,theme,yes,3,,,11,0,0,core,
core/post-author-name,作者名稱,theme,yes,3,,,13,0,0,core,
core/post-comments,,theme,yes,1,,,10,0,0,core,
core/post-comments-count,留言計數,theme,yes,3,,,11,0,0,core,
core/post-comments-form,留言表單,theme,yes,3,,,10,0,0,core,
core/post-comments-link,留言連結,theme,yes,3,,,9,0,0,core,
core/post-content,內容,theme,yes,3,,,14,0,0,core,
core/post-date,日期,theme,yes,3,,,14,0,0,core,
core/post-excerpt,內容摘要,theme,yes,3,,,14,0,0,core,
core/post-featured-image,精選圖片,theme,yes,3,,,21,0,0,core,
core/post-navigation-link,文章導覽連結,theme,yes,3,,,15,0,0,core,
core/post-template,文章範本,theme,yes,3,,core/query,13,0,0,core,
core/post-terms,文章分類法詞彙,theme,yes,3,,,15,5,0,core,
core/post-time-to-read,預估閱讀時間,theme,yes,3,,,14,0,0,core,
core/post-title,標題,theme,yes,3,,,18,0,0,core,
core/preformatted,未格式化文字,text,no,3,,,12,0,0,core,
core/pullquote,重要引述,text,no,3,,,14,0,0,core,
core/query,查詢迴圈,theme,yes,3,,,12,0,0,core,
core/query-no-results,沒有結果,theme,yes,3,,core/query,11,0,0,core,
core/query-pagination,分頁,theme,yes,3,,core/query,14,0,0,core,
core/query-pagination-next,下一頁,theme,yes,3,core/query-pagination,,10,0,0,core,
core/query-pagination-numbers,頁碼,theme,yes,3,core/query-pagination,,10,0,0,core,
core/query-pagination-previous,上一頁,theme,yes,3,core/query-pagination,,10,0,0,core,
core/query-title,查詢標題,theme,yes,3,,,17,0,0,core,
core/query-total,查詢總數,theme,yes,3,,core/query,13,0,0,core,
core/quote,引文,text,no,3,,,16,0,2,core,
core/read-more,閱讀更多內容,theme,yes,3,,,13,0,0,core,
core/rss,RSS,widgets,yes,3,,,20,0,0,core,
core/search,搜尋,widgets,yes,3,,,22,0,0,core,
core/separator,分隔符號,design,no,3,,,10,0,3,core,
core/shortcode,短代碼,widgets,yes,3,,,3,0,0,core,
core/site-logo,網站標誌,theme,yes,3,,,10,0,2,core,
core/site-tagline,網站說明,theme,yes,3,,,14,0,0,core,
core/site-title,網站標題,theme,yes,3,,,16,0,0,core,
core/social-link,社交網路服務圖示,widgets,yes,3,core/social-links,,9,0,0,core,
core/social-links,社交網路服務圖示,widgets,no,3,,,19,0,3,core,
core/spacer,空白間隔,design,no,3,,,7,0,0,core,
core/tab-list,Tab List,design,yes,3,core/tabs,,12,0,0,core,
core/tab-panel,Tab Panel,design,yes,3,core/tab-panels,,11,0,0,core,
core/tab-panels,Tab Panels,design,no,3,core/tabs,,9,0,0,core,
core/table,表格,text,no,3,,,17,0,2,core,
core/tabs,Tabs,design,yes,3,,,13,0,0,core,
core/tag-cloud,標籤雲,widgets,yes,3,,,13,0,2,core,
core/template-part,範本組件,theme,yes,3,,,9,2,0,core,
core/term-count,分類法詞彙計數,theme,yes,3,,,12,0,0,core,
core/term-description,分類法詞彙內容說明,theme,yes,3,,,11,0,0,core,
core/term-name,分類法詞彙名稱,theme,yes,3,,,15,0,0,core,
core/term-template,分類法詞彙範本,theme,yes,3,,core/terms-query,13,0,0,core,
core/terms-query,分類法詞彙查詢,theme,no,3,,,9,0,0,core,
core/text-columns,文字欄 (已淘汰不用),design,no,3,,,7,0,0,core,
core/verse,Poetry,text,no,3,,,12,0,0,core,
core/video,視訊,media,yes,3,,,20,0,0,core,
core/widget-group,Widget Group,widgets,yes,3,,,5,0,0,core,
moksafocou/coupon-cards,Moksa 優惠券卡片,widgets,yes,3,,,6,0,0,moksafocou,
moksafopoi/balance,點數餘額,widgets,yes,3,,,4,0,0,moksafopoi,
moksafopoi/how-to-earn,如何賺點,widgets,yes,3,,,4,0,0,moksafopoi,
moksafopoi/leaderboard,點數排行榜,widgets,yes,3,,,4,0,0,moksafopoi,
moksafopoi/mall,兌換商城,widgets,yes,3,,,4,0,0,moksafopoi,
moksafopoi/quests,任務,widgets,yes,3,,,4,0,0,moksafopoi,
moksafopoi/tier,會員階梯,widgets,yes,3,,,4,0,0,moksafopoi,
woocommerce/accordion-group,折疊選單群組,woocommerce,yes,3,,,12,0,0,woocommerce,
woocommerce/accordion-header,折疊選單頁首,woocommerce,yes,3,woocommerce/accordion-item,,18,0,0,woocommerce,
woocommerce/accordion-item,折疊選單,woocommerce,yes,3,woocommerce/accordion-group,,10,0,0,woocommerce,
woocommerce/accordion-panel,折疊選單面板,woocommerce,yes,3,woocommerce/accordion-item,,14,0,0,woocommerce,
woocommerce/active-filters,啟用篩選控制,woocommerce,yes,3,,,7,0,0,woocommerce,
woocommerce/add-to-cart-form,透過選項加入購物車,woocommerce-product-elements,yes,3,,,5,0,0,woocommerce,
woocommerce/all-products,所有商品,woocommerce,yes,3,,,12,0,0,woocommerce,
woocommerce/all-reviews,所有評論,woocommerce,yes,3,,,6,0,0,woocommerce,
woocommerce/attribute-filter,依屬性控制篩選,woocommerce,yes,3,,,13,0,0,woocommerce,
woocommerce/breadcrumbs,商店軌跡,woocommerce,yes,3,,,9,0,0,woocommerce,
woocommerce/cart,,,yes,1,,,4,0,0,woocommerce,
woocommerce/cart-accepted-payment-methods-block,接受的付款方式,woocommerce,yes,3,woocommerce/cart-totals-block,,4,0,0,woocommerce,
woocommerce/cart-cross-sells-block,購物車交叉銷售,woocommerce,yes,3,woocommerce/cart-items-block,,4,0,0,woocommerce,
woocommerce/cart-cross-sells-products-block,購物車交叉銷售產品,woocommerce,yes,3,woocommerce/cart-cross-sells-block,,5,0,0,woocommerce,
woocommerce/cart-express-payment-block,快速結帳,woocommerce,yes,3,woocommerce/cart-totals-block,,7,0,0,woocommerce,
woocommerce/cart-items-block,購物車品項,woocommerce,yes,3,woocommerce/filled-cart-block,,4,0,0,woocommerce,
woocommerce/cart-line-items-block,購物車細項,woocommerce,yes,3,woocommerce/cart-items-block,,4,0,0,woocommerce,
woocommerce/cart-link,購物車連結,woocommerce,yes,3,,,8,0,0,woocommerce,
woocommerce/cart-order-summary-block,訂單摘要,woocommerce,yes,3,woocommerce/cart-totals-block,,4,0,0,woocommerce,
woocommerce/cart-order-summary-coupon-form-block,優惠券表單,woocommerce,yes,3,woocommerce/cart-order-summary-block,,4,0,0,woocommerce,
woocommerce/cart-order-summary-discount-block,折扣,woocommerce,yes,3,woocommerce/cart-order-summary-totals-block,,4,0,0,woocommerce,
woocommerce/cart-order-summary-fee-block,費用,woocommerce,yes,3,woocommerce/cart-order-summary-totals-block,,4,0,0,woocommerce,
woocommerce/cart-order-summary-heading-block,標題,woocommerce,yes,3,woocommerce/cart-order-summary-block,,5,0,0,woocommerce,
woocommerce/cart-order-summary-shipping-block,運送方式,woocommerce,yes,3,woocommerce/cart-order-summary-totals-block,,4,0,0,woocommerce,
woocommerce/cart-order-summary-subtotal-block,小計,woocommerce,yes,3,woocommerce/cart-order-summary-totals-block,,4,0,0,woocommerce,
woocommerce/cart-order-summary-taxes-block,稅金,woocommerce,yes,3,woocommerce/cart-order-summary-totals-block,,4,0,0,woocommerce,
woocommerce/cart-order-summary-totals-block,總計,woocommerce,yes,3,woocommerce/cart-order-summary-block,,4,0,0,woocommerce,
woocommerce/cart-totals-block,購物車總計,woocommerce,yes,3,woocommerce/filled-cart-block,,6,0,0,woocommerce,
woocommerce/catalog-sorting,型錄排序方式,woocommerce,yes,3,,,7,0,0,woocommerce,
woocommerce/category-description,商品類別描述,woocommerce,yes,3,,,7,0,0,woocommerce,
woocommerce/category-title,商品類別標題,woocommerce,yes,3,,,11,0,0,woocommerce,
woocommerce/checkout,結帳,woocommerce,yes,3,,,6,0,0,woocommerce,
woocommerce/checkout-actions-block,動作,woocommerce,yes,3,woocommerce/checkout-fields-block,,7,0,0,woocommerce,
woocommerce/checkout-additional-information-block,其他資訊,woocommerce,yes,3,woocommerce/checkout-fields-block,,4,0,0,woocommerce,
woocommerce/checkout-billing-address-block,帳單地址,woocommerce,yes,3,woocommerce/checkout-fields-block,,4,0,0,woocommerce,
woocommerce/checkout-contact-information-block,聯絡資訊,woocommerce,yes,3,woocommerce/checkout-fields-block,,4,0,0,woocommerce,
woocommerce/checkout-express-payment-block,快速結帳,woocommerce,yes,3,woocommerce/checkout-fields-block,,7,0,0,woocommerce,
woocommerce/checkout-fields-block,結帳欄位,woocommerce,yes,3,woocommerce/checkout,,4,0,0,woocommerce,
woocommerce/checkout-order-note-block,訂單備註,woocommerce,yes,3,woocommerce/checkout-fields-block,,4,0,0,woocommerce,
woocommerce/checkout-order-summary-block,訂單摘要,woocommerce,yes,3,woocommerce/checkout-totals-block,,4,0,0,woocommerce,
woocommerce/checkout-order-summary-cart-items-block,購物車品項,woocommerce,yes,3,woocommerce/checkout-order-summary-block,,5,0,0,woocommerce,
woocommerce/checkout-order-summary-coupon-form-block,優惠券表單,woocommerce,yes,3,woocommerce/checkout-order-summary-block,,4,0,0,woocommerce,
woocommerce/checkout-order-summary-discount-block,折扣,woocommerce,yes,3,woocommerce/checkout-order-summary-totals-block,,4,0,0,woocommerce,
woocommerce/checkout-order-summary-fee-block,費用,woocommerce,yes,3,woocommerce/checkout-order-summary-totals-block,,4,0,0,woocommerce,
woocommerce/checkout-order-summary-shipping-block,運送方式,woocommerce,yes,3,woocommerce/checkout-order-summary-totals-block,,4,0,0,woocommerce,
woocommerce/checkout-order-summary-subtotal-block,小計,woocommerce,yes,3,woocommerce/checkout-order-summary-totals-block,,4,0,0,woocommerce,
woocommerce/checkout-order-summary-taxes-block,稅金,woocommerce,yes,3,woocommerce/checkout-order-summary-totals-block,,4,0,0,woocommerce,
woocommerce/checkout-order-summary-totals-block,總計,woocommerce,yes,3,woocommerce/checkout-order-summary-block,,4,0,0,woocommerce,
woocommerce/checkout-payment-block,付款選項,woocommerce,yes,3,woocommerce/checkout-fields-block,,4,0,0,woocommerce,
woocommerce/checkout-pickup-options-block,取貨方式,woocommerce,yes,3,woocommerce/checkout-fields-block,,4,0,0,woocommerce,
woocommerce/checkout-shipping-address-block,運送地址,woocommerce,yes,3,woocommerce/checkout-fields-block,,4,0,0,woocommerce,
woocommerce/checkout-shipping-method-block,到貨,woocommerce,yes,3,woocommerce/checkout-fields-block,,4,0,0,woocommerce,
woocommerce/checkout-shipping-methods-block,送貨選項,woocommerce,yes,3,woocommerce/checkout-fields-block,,4,0,0,woocommerce,
woocommerce/checkout-terms-block,條款與條件,woocommerce,yes,3,woocommerce/checkout-fields-block,,7,0,0,woocommerce,
woocommerce/checkout-totals-block,結帳總計,woocommerce,yes,3,woocommerce/checkout,,6,0,0,woocommerce,
woocommerce/classic-shortcode,傳統短代碼,woocommerce,yes,3,,,6,0,0,woocommerce,
woocommerce/coming-soon,Coming Soon,woocommerce,yes,1,,,9,0,0,woocommerce,
woocommerce/coupon-code,優惠券代碼,woocommerce,yes,3,,,26,0,0,woocommerce,
woocommerce/customer-account,顧客帳號,woocommerce,yes,3,,,13,0,0,woocommerce,
woocommerce/dropdown,下拉式選單,woocommerce,yes,3,,woocommerce/add-to-cart-with-options-variation-selector-attribute,4,0,0,woocommerce,
woocommerce/email-content,電子郵件內容,woocommerce,yes,3,,,6,0,0,woocommerce,
woocommerce/empty-cart-block,購物車是空的,woocommerce,yes,3,woocommerce/cart,,5,0,0,woocommerce,
woocommerce/empty-mini-cart-contents-block,Empty Mini-Cart view,woocommerce,yes,3,woocommerce/mini-cart-contents,,4,0,0,woocommerce,
woocommerce/featured-category,特色分類,woocommerce,yes,3,,,24,0,0,woocommerce,
woocommerce/featured-product,特色商品,woocommerce,yes,3,,,24,0,0,woocommerce,
woocommerce/filled-cart-block,購物車已滿,woocommerce,yes,3,woocommerce/cart,,5,0,0,woocommerce,
woocommerce/filled-mini-cart-contents-block,Filled Mini-Cart view,woocommerce,yes,3,woocommerce/mini-cart-contents,,4,0,0,woocommerce,
woocommerce/filter-wrapper,篩選區塊,woocommerce,yes,3,,,6,0,0,woocommerce,
woocommerce/handpicked-products,精選商品,woocommerce,yes,3,,,11,0,0,woocommerce,
woocommerce/legacy-template,,,yes,3,,,4,0,0,woocommerce,
woocommerce/mini-cart,迷你購物車,woocommerce,yes,3,,,17,0,0,woocommerce,
woocommerce/mini-cart-cart-button-block,迷你購物車檢視購物車按鈕,woocommerce,yes,3,woocommerce/mini-cart-footer-block,,7,0,2,woocommerce,
woocommerce/mini-cart-checkout-button-block,迷你購物車前往結帳按鈕,woocommerce,yes,3,woocommerce/mini-cart-footer-block,,7,0,2,woocommerce,
woocommerce/mini-cart-contents,Mini-Cart Contents,woocommerce,yes,3,,,8,0,0,woocommerce,
woocommerce/mini-cart-footer-block,Mini-Cart Footer,woocommerce,yes,3,woocommerce/filled-mini-cart-contents-block,,4,0,0,woocommerce,
woocommerce/mini-cart-items-block,Mini-Cart Items,woocommerce,yes,3,woocommerce/filled-mini-cart-contents-block,,4,0,0,woocommerce,
woocommerce/mini-cart-products-table-block,迷你購物車商品表,woocommerce,yes,3,woocommerce/mini-cart-items-block,,4,0,0,woocommerce,
woocommerce/mini-cart-shopping-button-block,Mini-Cart Shopping Button,woocommerce,yes,3,woocommerce/empty-mini-cart-contents-block,,7,0,2,woocommerce,
woocommerce/mini-cart-title-block,Mini-Cart Title,woocommerce,yes,3,woocommerce/filled-mini-cart-contents-block,,6,0,0,woocommerce,
woocommerce/mini-cart-title-items-counter-block,Mini-Cart Title Items Counter,woocommerce,yes,3,woocommerce/mini-cart-title-block,,7,0,0,woocommerce,
woocommerce/mini-cart-title-label-block,Mini-Cart Title Label,woocommerce,yes,3,woocommerce/mini-cart-title-block,,8,0,0,woocommerce,
woocommerce/order-confirmation-additional-fields,其他欄位清單,woocommerce,yes,3,,,6,0,0,woocommerce,
woocommerce/order-confirmation-additional-fields-wrapper,其他欄位,woocommerce,yes,3,,,6,0,0,woocommerce,
woocommerce/order-confirmation-additional-information,其他資訊,woocommerce,yes,3,,,6,0,0,woocommerce,
woocommerce/order-confirmation-billing-address,帳單地址,woocommerce,yes,3,,,10,0,0,woocommerce,
woocommerce/order-confirmation-billing-wrapper,帳單地址區段,woocommerce,yes,3,,,6,0,0,woocommerce,
woocommerce/order-confirmation-create-account,建立帳號,woocommerce,yes,3,,,10,0,0,woocommerce,
woocommerce/order-confirmation-downloads,訂單下載項目,woocommerce,yes,3,,,11,0,0,woocommerce,
woocommerce/order-confirmation-downloads-wrapper,下載項目區段,woocommerce,yes,3,,,6,0,0,woocommerce,
woocommerce/order-confirmation-shipping-address,運送地址,woocommerce,yes,3,,,10,0,0,woocommerce,
woocommerce/order-confirmation-shipping-wrapper,運送地址區段,woocommerce,yes,3,,,6,0,0,woocommerce,
woocommerce/order-confirmation-status,訂單狀態,woocommerce,yes,3,,,10,0,0,woocommerce,
woocommerce/order-confirmation-summary,訂單摘要,woocommerce,yes,3,,,11,0,0,woocommerce,
woocommerce/order-confirmation-totals,訂單總計,woocommerce,yes,3,,,11,0,0,woocommerce,
woocommerce/order-confirmation-totals-wrapper,訂單總計區段,woocommerce,yes,3,,,6,0,0,woocommerce,
woocommerce/page-content-wrapper,WooCommerce 頁面,woocommerce,yes,3,,,5,0,0,woocommerce,
woocommerce/payment-method-icons,付款方式圖示,woocommerce,yes,3,,,5,0,0,woocommerce,
woocommerce/price-filter,依價格控制篩選,woocommerce,yes,3,,,9,0,0,woocommerce,
woocommerce/proceed-to-checkout-block,Proceed to Checkout,woocommerce,yes,3,woocommerce/cart-totals-block,,4,0,0,woocommerce,
woocommerce/product-average-rating,產品平均評分 (測試版),woocommerce-product-elements,yes,3,,woocommerce/single-product,8,0,0,woocommerce,
woocommerce/product-best-sellers,最暢銷商品,woocommerce,yes,3,,,15,0,0,woocommerce,
woocommerce/product-button,「加入購物車」按鈕,woocommerce-product-elements,yes,3,,woocommerce/all-products|woocommerce/single-product|core/post-template|woocommerce/product-template,14,0,2,woocommerce,
woocommerce/product-categories,商品分類清單,woocommerce,yes,3,,,13,0,0,woocommerce,
woocommerce/product-category,依分類排列商品,woocommerce,yes,3,,,15,0,0,woocommerce,
woocommerce/product-collection,商品系列,woocommerce,yes,3,,,18,0,0,woocommerce,
woocommerce/product-collection-no-results,沒有任何搜尋結果,woocommerce,yes,3,,woocommerce/product-collection,10,0,0,woocommerce,
woocommerce/product-description,商品描述,woocommerce,yes,3,,woocommerce/single-product|woocommerce/product-template|core/post-template,12,0,0,woocommerce,
woocommerce/product-details,商品詳細資訊,woocommerce,yes,3,,,6,0,0,woocommerce,
woocommerce/product-filter-active,使用中的篩選條件,woocommerce,yes,3,,woocommerce/product-filters,5,0,0,woocommerce,
woocommerce/product-filter-attribute,屬性篩選條件,woocommerce,yes,3,,woocommerce/product-filters,16,0,0,woocommerce,
woocommerce/product-filter-checkbox-list,清單,woocommerce,yes,3,,woocommerce/product-filter-attribute|woocommerce/product-filter-status|woocommerce/product-filter-taxonomy|woocommerce/product-filter-rating,12,0,0,woocommerce,
woocommerce/product-filter-chips,標示,woocommerce,yes,3,,woocommerce/product-filter-attribute|woocommerce/product-filter-taxonomy|woocommerce/product-filter-status|woocommerce/add-to-cart-with-options-variation-selector-attribute,16,0,0,woocommerce,
woocommerce/product-filter-clear-button,清除篩選條件,woocommerce,yes,3,,woocommerce/product-filter-active,4,0,0,woocommerce,
woocommerce/product-filter-price,價格篩選條件,woocommerce,yes,3,,woocommerce/product-filters,4,0,0,woocommerce,
woocommerce/product-filter-price-slider,價格滑桿,woocommerce,yes,3,,woocommerce/product-filter-price,12,0,0,woocommerce,
woocommerce/product-filter-rating,評分篩選條件,woocommerce,yes,3,,woocommerce/product-filters,8,0,0,woocommerce,
woocommerce/product-filter-removable-chips,標示,woocommerce,yes,3,,woocommerce/product-filter-active,11,0,0,woocommerce,
woocommerce/product-filter-status,供應情況篩選條件,woocommerce,yes,3,,woocommerce/product-filters,12,0,0,woocommerce,
woocommerce/product-filter-taxonomy,分類法篩選條件,woocommerce,yes,3,,woocommerce/product-filters,14,0,0,woocommerce,
woocommerce/product-filters,商品篩選條件,woocommerce,yes,3,,,11,0,0,woocommerce,
woocommerce/product-gallery,商品圖庫,woocommerce,yes,3,,woocommerce/single-product,8,0,0,woocommerce,
woocommerce/product-gallery-large-image,檢視器,woocommerce,yes,3,,woocommerce/product-gallery,4,0,0,woocommerce,
woocommerce/product-gallery-large-image-next-previous,下一張/前一張按鈕,woocommerce,yes,3,,woocommerce/product-gallery-large-image|woocommerce/product-collection,8,0,0,woocommerce,
woocommerce/product-gallery-thumbnails,縮圖,woocommerce,yes,3,,woocommerce/product-gallery,7,0,0,woocommerce,
woocommerce/product-image,商品圖片,woocommerce-product-elements,yes,3,,woocommerce/all-products|woocommerce/single-product|woocommerce/product-template|core/post-template,16,0,0,woocommerce,
woocommerce/product-image-gallery,商品圖庫,woocommerce-product-elements,yes,3,,,5,0,0,woocommerce,
woocommerce/product-meta,產品中繼資料,woocommerce-product-elements,yes,3,,,5,0,0,woocommerce,
woocommerce/product-new,最新產品,woocommerce,yes,3,,,15,0,0,woocommerce,
woocommerce/product-on-sale,特價商品,woocommerce,yes,3,,,14,0,0,woocommerce,
woocommerce/product-price,商品價格,woocommerce-product-elements,yes,3,,woocommerce/all-products|woocommerce/featured-product|woocommerce/single-product|woocommerce/product-template|core/post-template,13,0,0,woocommerce,
woocommerce/product-query,,,yes,1,,,4,0,0,woocommerce,
woocommerce/product-rating,產品評分,woocommerce-product-elements,yes,3,,woocommerce/all-products|woocommerce/single-product|woocommerce/product-template|core/post-template,11,0,0,woocommerce,
woocommerce/product-rating-counter,產品評分計數器,woocommerce-product-elements,yes,3,,woocommerce/single-product,10,0,0,woocommerce,
woocommerce/product-rating-stars,產品評分星級,woocommerce-product-elements,yes,3,,woocommerce/single-product,11,0,0,woocommerce,
woocommerce/product-results-count,商品結果數量,woocommerce,yes,3,,,6,0,0,woocommerce,
woocommerce/product-review-author-name,評論作者名稱,woocommerce,yes,3,,woocommerce/product-reviews,13,0,0,woocommerce,
woocommerce/product-review-content,評論內容,woocommerce,yes,3,,woocommerce/product-reviews,11,0,0,woocommerce,
woocommerce/product-review-date,評論日期,woocommerce,yes,3,,woocommerce/product-reviews,12,0,0,woocommerce,
woocommerce/product-review-form,評論表單,woocommerce,yes,3,,,10,0,0,woocommerce,
woocommerce/product-review-rating,檢閱評分,woocommerce,yes,3,,woocommerce/product-reviews,8,0,0,woocommerce,
woocommerce/product-review-template,評論範本,woocommerce,yes,3,,woocommerce/product-reviews,8,0,0,woocommerce,
woocommerce/product-reviews,產品評論,woocommerce,yes,3,,,12,0,0,woocommerce,
woocommerce/product-reviews-pagination,評論分頁,woocommerce,yes,3,,woocommerce/product-reviews,12,0,0,woocommerce,
woocommerce/product-reviews-pagination-next,評論下一頁,woocommerce,yes,3,,woocommerce/product-reviews-pagination,9,0,0,woocommerce,
woocommerce/product-reviews-pagination-numbers,評論頁碼,woocommerce,yes,3,,woocommerce/product-reviews-pagination,8,0,0,woocommerce,
woocommerce/product-reviews-pagination-previous,評論上一頁,woocommerce,yes,3,,woocommerce/product-reviews-pagination,9,0,0,woocommerce,
woocommerce/product-reviews-title,評論標題,woocommerce,yes,3,,woocommerce/product-reviews,16,0,0,woocommerce,
woocommerce/product-sale-badge,特價徽章,woocommerce-product-elements,yes,3,,woocommerce/single-product|woocommerce/product-template|core/post-template|woocommerce/product-gallery,15,0,0,woocommerce,
woocommerce/product-search,,,yes,1,,,4,0,0,woocommerce,
woocommerce/product-sku,商品貨號,woocommerce-product-elements,yes,3,,woocommerce/product-meta|woocommerce/all-products|woocommerce/single-product|woocommerce/product-template|core/post-template,13,0,0,woocommerce,
woocommerce/product-specifications,商品規格,woocommerce,yes,3,,woocommerce/single-product|woocommerce/product-template|core/post-template,9,0,0,woocommerce,
woocommerce/product-stock-indicator,商品庫存指標,woocommerce-product-elements,yes,3,,woocommerce/all-products|woocommerce/single-product|woocommerce/product-template|core/post-template,9,0,0,woocommerce,
woocommerce/product-summary,商品摘要,woocommerce-product-elements,yes,3,,woocommerce/all-products|woocommerce/featured-product|woocommerce/single-product|woocommerce/product-template|core/post-template,17,0,0,woocommerce,
woocommerce/product-tag,依標籤排列商品,woocommerce,yes,3,,,14,0,0,woocommerce,
woocommerce/product-template,產品範本,woocommerce,yes,3,,,12,0,0,woocommerce,
woocommerce/product-title,商品標題,woocommerce-product-elements,yes,3,,woocommerce/all-products,14,0,0,woocommerce,
woocommerce/product-top-rated,最高評分的產品,woocommerce,yes,3,,,15,0,0,woocommerce,
woocommerce/products-by-attribute,依屬性排列商品,woocommerce,yes,3,,,14,0,0,woocommerce,
woocommerce/rating-filter,依評分控制項篩選,woocommerce,yes,3,,,11,0,0,woocommerce,
woocommerce/related-products,相關產品,woocommerce,yes,3,,,5,0,0,woocommerce,
woocommerce/reviews-by-category,依分類顯示評論,woocommerce,yes,3,,,6,0,0,woocommerce,
woocommerce/reviews-by-product,依商品顯示評論,woocommerce,yes,3,,,6,0,0,woocommerce,
woocommerce/single-product,商品,woocommerce,yes,3,,,6,0,0,woocommerce,
woocommerce/stock-filter,依庫存控制篩選,woocommerce,yes,3,,,12,0,0,woocommerce,
woocommerce/store-notices,商店通知,woocommerce,yes,3,,,5,0,0,woocommerce,
wpforms/form-selector,,,yes,3,,,47,0,0,wpforms,
