kind,slug,value,name,origin,css_var
color,black,#000000,黑色,default,--wp--preset--color--black
color,cyan-bluish-gray,#abb8c3,青藍灰色,default,--wp--preset--color--cyan-bluish-gray
color,white,#ffffff,白色,default,--wp--preset--color--white
color,pale-pink,#f78da7,淡粉色,default,--wp--preset--color--pale-pink
color,vivid-red,#cf2e2e,鮮紅色,default,--wp--preset--color--vivid-red
color,luminous-vivid-orange,#ff6900,亮鮮橘色,default,--wp--preset--color--luminous-vivid-orange
color,luminous-vivid-amber,#fcb900,亮鮮琥珀色,default,--wp--preset--color--luminous-vivid-amber
color,light-green-cyan,#7bdcb5,亮綠青色,default,--wp--preset--color--light-green-cyan
color,vivid-green-cyan,#00d084,鮮綠青色,default,--wp--preset--color--vivid-green-cyan
color,pale-cyan-blue,#8ed1fc,淡青藍色,default,--wp--preset--color--pale-cyan-blue
color,vivid-cyan-blue,#0693e3,鮮青藍色,default,--wp--preset--color--vivid-cyan-blue
color,vivid-purple,#9b51e0,鮮紫色,default,--wp--preset--color--vivid-purple
color,palette-color-1,"var(--theme-palette-color-1, #ffd800)",色彩 1,theme,--wp--preset--color--palette-color-1
color,palette-color-2,"var(--theme-palette-color-2, #ffc900)",色彩 2,theme,--wp--preset--color--palette-color-2
color,palette-color-3,"var(--theme-palette-color-3, #5a5a5a)",色彩 3,theme,--wp--preset--color--palette-color-3
color,palette-color-4,"var(--theme-palette-color-4, #000000)",色彩 4,theme,--wp--preset--color--palette-color-4
color,palette-color-5,"var(--theme-palette-color-5, #edeff2)",色彩 5,theme,--wp--preset--color--palette-color-5
color,palette-color-6,"var(--theme-palette-color-6, #f9fafb)",色彩 6,theme,--wp--preset--color--palette-color-6
color,palette-color-7,"var(--theme-palette-color-7, #FDFDFD)",色彩 7,theme,--wp--preset--color--palette-color-7
color,palette-color-8,"var(--theme-palette-color-8, #ffffff)",色彩 8,theme,--wp--preset--color--palette-color-8
gradient,vivid-cyan-blue-to-vivid-purple,"linear-gradient(135deg,rgb(6,147,227) 0%,rgb(155,81,224) 100%)",鮮青藍色至鮮紫色,default,--wp--preset--gradient--vivid-cyan-blue-to-vivid-purple
gradient,light-green-cyan-to-vivid-green-cyan,"linear-gradient(135deg,rgb(122,220,180) 0%,rgb(0,208,130) 100%)",亮綠青色至鮮綠青色,default,--wp--preset--gradient--light-green-cyan-to-vivid-green-cyan
gradient,luminous-vivid-amber-to-luminous-vivid-orange,"linear-gradient(135deg,rgb(252,185,0) 0%,rgb(255,105,0) 100%)",亮鮮琥珀色至亮鮮橘色,default,--wp--preset--gradient--luminous-vivid-amber-to-luminous-vivid-orange
gradient,luminous-vivid-orange-to-vivid-red,"linear-gradient(135deg,rgb(255,105,0) 0%,rgb(207,46,46) 100%)",亮鮮橘色至鮮紅色,default,--wp--preset--gradient--luminous-vivid-orange-to-vivid-red
gradient,very-light-gray-to-cyan-bluish-gray,"linear-gradient(135deg,rgb(238,238,238) 0%,rgb(169,184,195) 100%)",亮灰色至青藍灰色,default,--wp--preset--gradient--very-light-gray-to-cyan-bluish-gray
gradient,cool-to-warm-spectrum,"linear-gradient(135deg,rgb(74,234,220) 0%,rgb(151,120,209) 20%,rgb(207,42,186) 40%,rgb(238,44,130) 60%,rgb(251,105,98) 80%,rgb(254,248,76) 100%)",冷暖光譜,default,--wp--preset--gradient--cool-to-warm-spectrum
gradient,blush-light-purple,"linear-gradient(135deg,rgb(255,206,236) 0%,rgb(152,150,240) 100%)",淺紫紅色,default,--wp--preset--gradient--blush-light-purple
gradient,blush-bordeaux,"linear-gradient(135deg,rgb(254,205,165) 0%,rgb(254,45,45) 50%,rgb(107,0,62) 100%)",波爾多紅,default,--wp--preset--gradient--blush-bordeaux
gradient,luminous-dusk,"linear-gradient(135deg,rgb(255,203,112) 0%,rgb(199,81,192) 50%,rgb(65,88,208) 100%)",暮色黃,default,--wp--preset--gradient--luminous-dusk
gradient,pale-ocean,"linear-gradient(135deg,rgb(255,245,203) 0%,rgb(182,227,212) 50%,rgb(51,167,181) 100%)",海洋藍,default,--wp--preset--gradient--pale-ocean
gradient,electric-grass,"linear-gradient(135deg,rgb(202,248,128) 0%,rgb(113,206,126) 100%)",電光綠,default,--wp--preset--gradient--electric-grass
gradient,midnight,"linear-gradient(135deg,rgb(2,3,129) 0%,rgb(40,116,252) 100%)",午夜藍,default,--wp--preset--gradient--midnight
gradient,juicy-peach,"linear-gradient(to right, #ffecd2 0%, #fcb69f 100%)",Juicy Peach,theme,--wp--preset--gradient--juicy-peach
gradient,young-passion,"linear-gradient(to right, #ff8177 0%, #ff867a 0%, #ff8c7f 21%, #f99185 52%, #cf556c 78%, #b12a5b 100%)",Young Passion,theme,--wp--preset--gradient--young-passion
gradient,true-sunset,"linear-gradient(to right, #fa709a 0%, #fee140 100%)",True Sunset,theme,--wp--preset--gradient--true-sunset
gradient,morpheus-den,"linear-gradient(to top, #30cfd0 0%, #330867 100%)",Morpheus Den,theme,--wp--preset--gradient--morpheus-den
gradient,plum-plate,"linear-gradient(135deg, #667eea 0%, #764ba2 100%)",Plum Plate,theme,--wp--preset--gradient--plum-plate
gradient,aqua-splash,"linear-gradient(15deg, #13547a 0%, #80d0c7 100%)",Aqua Splash,theme,--wp--preset--gradient--aqua-splash
gradient,love-kiss,"linear-gradient(to top, #ff0844 0%, #ffb199 100%)",Love Kiss,theme,--wp--preset--gradient--love-kiss
gradient,new-retrowave,"linear-gradient(to top, #3b41c5 0%, #a981bb 49%, #ffc8a9 100%)",New Retrowave,theme,--wp--preset--gradient--new-retrowave
gradient,plum-bath,"linear-gradient(to top, #cc208e 0%, #6713d2 100%)",Plum Bath,theme,--wp--preset--gradient--plum-bath
gradient,high-flight,"linear-gradient(to right, #0acffe 0%, #495aff 100%)",High Flight,theme,--wp--preset--gradient--high-flight
gradient,teen-party,"linear-gradient(135deg, #FF057C 0%, #8D0B93 50%, #321575 100%)",Teen Party,theme,--wp--preset--gradient--teen-party
gradient,fabled-sunset,"linear-gradient(135deg, #231557 0%, #44107A 29%, #FF1361 67%, #FFF800 100%)",Fabled Sunset,theme,--wp--preset--gradient--fabled-sunset
gradient,arielle-smile,"radial-gradient(circle 248px at center, #16d9e3 0%, #30c7ec 47%, #46aef7 100%)",Arielle Smile,theme,--wp--preset--gradient--arielle-smile
gradient,itmeo-branding,"linear-gradient(180deg, #2af598 0%, #009efd 100%)",Itmeo Branding,theme,--wp--preset--gradient--itmeo-branding
gradient,deep-blue,"linear-gradient(to right, #6a11cb 0%, #2575fc 100%)",Deep Blue,theme,--wp--preset--gradient--deep-blue
gradient,strong-bliss,"linear-gradient(to right, #f78ca0 0%, #f9748f 19%, #fd868c 60%, #fe9a8b 100%)",Strong Bliss,theme,--wp--preset--gradient--strong-bliss
gradient,sweet-period,"linear-gradient(to top, #3f51b1 0%, #5a55ae 13%, #7b5fac 25%, #8f6aae 38%, #a86aa4 50%, #cc6b8e 62%, #f18271 75%, #f3a469 87%, #f7c978 100%)",Sweet Period,theme,--wp--preset--gradient--sweet-period
gradient,purple-division,"linear-gradient(to top, #7028e4 0%, #e5b2ca 100%)",Purple Division,theme,--wp--preset--gradient--purple-division
gradient,cold-evening,"linear-gradient(to top, #0c3483 0%, #a2b6df 100%, #6b8cce 100%, #a2b6df 100%)",Cold Evening,theme,--wp--preset--gradient--cold-evening
gradient,mountain-rock,"linear-gradient(to right, #868f96 0%, #596164 100%)",Mountain Rock,theme,--wp--preset--gradient--mountain-rock
gradient,desert-hump,"linear-gradient(to top, #c79081 0%, #dfa579 100%)",Desert Hump,theme,--wp--preset--gradient--desert-hump
gradient,ethernal-constance,"linear-gradient(to top, #09203f 0%, #537895 100%)",Eternal Constance,theme,--wp--preset--gradient--ethernal-constance
gradient,happy-memories,"linear-gradient(300deg, #ff5858 0%, #f09819 100%)",Happy Memories,theme,--wp--preset--gradient--happy-memories
gradient,grown-early,"linear-gradient(to top, #0ba360 0%, #3cba92 100%)",Grown Early,theme,--wp--preset--gradient--grown-early
gradient,morning-salad,"linear-gradient(135deg, #B7F8DB 0%, #50A7C2 100%)",Morning Salad,theme,--wp--preset--gradient--morning-salad
gradient,night-call,"linear-gradient(135deg, #AC32E4 0%, #7918F2 48%, #4801FF 100%)",Night Call,theme,--wp--preset--gradient--night-call
gradient,mind-crawl,"linear-gradient(135deg, #473B7B 0%, #3584A7 51%, #30D2BE 100%)",Mind Crawl,theme,--wp--preset--gradient--mind-crawl
gradient,angel-care,"linear-gradient(135deg, #FFE29F 0%, #FFA99F 48%, #FF719A 100%)",Angel Care,theme,--wp--preset--gradient--angel-care
gradient,juicy-cake,"linear-gradient(to top, #e14fad 0%, #f9d423 100%)",Juicy Cake,theme,--wp--preset--gradient--juicy-cake
gradient,rich-metal,"linear-gradient(to right, #d7d2cc 0%, #304352 100%)",Rich Metal,theme,--wp--preset--gradient--rich-metal
gradient,mole-hall,"linear-gradient(340deg, #616161 0%, #9bc5c3 100%)",Mole Hall,theme,--wp--preset--gradient--mole-hall
gradient,cloudy-knoxville,"linear-gradient(120deg, #fdfbfb 0%, #ebedee 100%)",Cloudy Knoxville,theme,--wp--preset--gradient--cloudy-knoxville
gradient,soft-grass,"linear-gradient(to top, #c1dfc4 0%, #deecdd 100%)",Soft Grass,theme,--wp--preset--gradient--soft-grass
gradient,saint-petersburg,"linear-gradient(135deg, #f5f7fa 0%, #c3cfe2 100%)",Saint Petersburg,theme,--wp--preset--gradient--saint-petersburg
gradient,everlasting-sky,"linear-gradient(135deg, #fdfcfb 0%, #e2d1c3 100%)",Everlasting Sky,theme,--wp--preset--gradient--everlasting-sky
gradient,kind-steel,"linear-gradient(340deg, #e9defa 0%, #fbfcdb 100%)",Kind Steel,theme,--wp--preset--gradient--kind-steel
gradient,over-sun,"linear-gradient(60deg, #abecd6 0%, #fbed96 100%)",Over Sun,theme,--wp--preset--gradient--over-sun
gradient,premium-white,"linear-gradient(to top, #d5d4d0 0%, #d5d4d0 1%, #eeeeec 31%, #efeeec 75%, #e9e9e7 100%)",Premium White,theme,--wp--preset--gradient--premium-white
gradient,clean-mirror,"linear-gradient(45deg, #93a5cf 0%, #e4efe9 100%)",Clean Mirror,theme,--wp--preset--gradient--clean-mirror
gradient,wild-apple,"linear-gradient(to top, #d299c2 0%, #fef9d7 100%)",Wild Apple,theme,--wp--preset--gradient--wild-apple
gradient,snow-again,"linear-gradient(to top, #e6e9f0 0%, #eef1f5 100%)",Snow Again,theme,--wp--preset--gradient--snow-again
gradient,confident-cloud,"linear-gradient(to top, #dad4ec 0%, #dad4ec 1%, #f3e7e9 100%)",Confident Cloud,theme,--wp--preset--gradient--confident-cloud
gradient,glass-water,"linear-gradient(to top, #dfe9f3 0%, white 100%)",Glass Water,theme,--wp--preset--gradient--glass-water
gradient,perfect-white,"linear-gradient(135deg, #E3FDF5 0%, #FFE6FA 100%)",Perfect White,theme,--wp--preset--gradient--perfect-white
duotone,dark-grayscale,"[""#000000"", ""#7f7f7f""]",深色灰階,default,--wp--preset--duotone--dark-grayscale
duotone,grayscale,"[""#000000"", ""#ffffff""]",灰階,default,--wp--preset--duotone--grayscale
duotone,purple-yellow,"[""#8c00b7"", ""#fcff41""]",紫色及黃色,default,--wp--preset--duotone--purple-yellow
duotone,blue-red,"[""#000097"", ""#ff4747""]",藍色及紅色,default,--wp--preset--duotone--blue-red
duotone,midnight,"[""#000000"", ""#00a5ff""]",午夜藍,default,--wp--preset--duotone--midnight
duotone,magenta-yellow,"[""#c7005a"", ""#fff278""]",洋紅色及黃色,default,--wp--preset--duotone--magenta-yellow
duotone,purple-green,"[""#a60072"", ""#67ff66""]",紫色及綠色,default,--wp--preset--duotone--purple-green
duotone,blue-orange,"[""#1900d8"", ""#ffa96b""]",藍色及橘色,default,--wp--preset--duotone--blue-orange
font-size,small,13px,小型,default,--wp--preset--font-size--small
font-size,medium,20px,中型,default,--wp--preset--font-size--medium
font-size,large,36px,大型,default,--wp--preset--font-size--large
font-size,x-large,42px,超大型,default,--wp--preset--font-size--x-large
font-size,small,13px,小型,theme,--wp--preset--font-size--small
font-size,medium,20px,中型,theme,--wp--preset--font-size--medium
font-size,large,30px,大型,theme,--wp--preset--font-size--large
font-size,x-large,50px,超大型,theme,--wp--preset--font-size--x-large
font-size,xx-large,80px,,theme,--wp--preset--font-size--xx-large
spacing,20,0.44rem,2 倍小,default,--wp--preset--spacing--20
spacing,30,0.67rem, 倍小,default,--wp--preset--spacing--30
spacing,40,1rem,小型尺寸,default,--wp--preset--spacing--40
spacing,50,1.5rem,中型尺寸,default,--wp--preset--spacing--50
spacing,60,2.25rem,大型尺寸,default,--wp--preset--spacing--60
spacing,70,3.38rem, 倍大,default,--wp--preset--spacing--70
spacing,80,5.06rem,2 倍大,default,--wp--preset--spacing--80
shadow,natural,"6px 6px 9px rgba(0, 0, 0, 0.2)",自然,default,--wp--preset--shadow--natural
shadow,deep,"12px 12px 50px rgba(0, 0, 0, 0.4)",深層,default,--wp--preset--shadow--deep
shadow,sharp,"6px 6px 0px rgba(0, 0, 0, 0.2)",銳利,default,--wp--preset--shadow--sharp
shadow,outlined,"6px 6px 0px -3px rgb(255, 255, 255), 6px 6px rgb(0, 0, 0)",框線,default,--wp--preset--shadow--outlined
shadow,crisp,"6px 6px 0px rgb(0, 0, 0)",清晰,default,--wp--preset--shadow--crisp
